"Date","RowNum","Num","Rep","RowNumNumRep","Treat","stem1_length","stem2_length","stem1_leafnum","stem2_leafnum","stem1_percflow","stem2_percflow","stem1_caps","stem2_caps","moist_1","moist_2","moist_3","stem1_bagbuds","stem2_bagbuds","stem1_vFcount","stem2_vFcount","stem1_vFexpec","stem2_vFexpec","notes","days","Var","mean.moist","perflow","bagbuds","stem1_vFper","stem2_vFper","daysinchamb","stem1lfchange","stem2lfchange","stem1change","stem2change","stem1vFestcount","stem2vFestcount","length_mean","lfnum_mean","sm_mean","pf_mean","bfall_mean","vFcount_mean","vFest_mean","stemlenchange"
0016-09-09,13,3,"R5","13.3.R5","Chamber 4",185.83,NA,6,NA,0,NA,0,NA,19.3,18.4,17.4,NA,NA,0,NA,NA,NA,"",25,"Pinot gris",18.3666666666667,0,0,0,NA,0,0,NA,0,NA,NA,NA,185.83,6,18.3666666666667,0,NA,0,NA,0
0016-09-09,18,5,"R1","18.5.R1","Chamber 3",147.32,223.19,6,7,0,0,0,0,16.9,17.9,15.7,NA,NA,0,NA,NA,NA,"",25,"Durif1",16.8333333333333,0,0,0,NA,0,0,0,0,0,NA,NA,185.255,6.5,16.8333333333333,0,NA,0,NA,0
0016-09-09,19,9,"R3","19.9.R3","Chamber 4",86.98,190.57,4,6,0,0,0,0,19.2,16.7,15.6,NA,NA,0,NA,NA,NA,"",25,"Syrah",17.1666666666667,0,0,NA,NA,0,0,0,0,0,NA,NA,138.775,5,17.1666666666667,0,NA,0,NA,0
0016-09-09,20,2,"R4","20.2.R4","Chamber 5",31.73,180.64,4,8,0,0,0,0,11.2,11.4,8.7,NA,NA,0,NA,NA,NA,"",25,"Valdepenas",10.4333333333333,0,0,NA,NA,0,0,0,0,0,NA,NA,106.185,6,10.4333333333333,0,NA,0,NA,0
0016-09-09,38,7,"R2","38.7.R2","Chamber 5",51.04,141.12,5,5,0,0,0,0,9.3,10.8,11,NA,NA,0,NA,NA,NA,"",25,"Verdelho",10.3666666666667,0,0,0,NA,0,0,0,0,0,NA,NA,96.08,5,10.3666666666667,0,NA,0,NA,0
0016-09-09,38,7,"R3","38.7.R3","Chamber 4",83.24,171.37,5,8,0,0,0,0,10.7,13.7,11.8,NA,NA,0,NA,NA,NA,"",25,"Verdelho",12.0666666666667,0,0,NA,NA,0,0,0,0,0,NA,NA,127.305,6.5,12.0666666666667,0,NA,0,NA,0
0016-09-09,38,7,"R4","38.7.R4","Chamber 3",59.1,110.69,4,6,0,0,0,0,14.7,17.5,16.9,NA,NA,0,NA,NA,NA,"",25,"Verdelho",16.3666666666667,0,0,NA,NA,0,0,0,0,0,NA,NA,84.895,5,16.3666666666667,0,NA,0,NA,0
0016-09-09,38,7,"R5","38.7.R5","Chamber 2",130.05,NA,5,NA,0,NA,0,NA,13.8,16,16,NA,NA,0,NA,NA,NA,"",25,"Verdelho",15.2666666666667,0,0,NA,NA,0,0,NA,0,NA,NA,NA,130.05,5,15.2666666666667,0,NA,0,NA,0
0016-09-09,38,7,"R6","38.7.R6","Chamber 1",121.08,NA,5,NA,0,NA,0,NA,10.5,11,12.5,NA,NA,0,NA,NA,NA,"",25,"Verdelho",11.3333333333333,0,0,0,NA,0,0,NA,0,NA,NA,NA,121.08,5,11.3333333333333,0,NA,0,NA,0
0016-09-12,13,3,"R5","13.3.R5","Chamber 4",252.6,NA,8,NA,0,NA,0,NA,11.9,10.3,10.4,NA,NA,0,NA,NA,NA,"",28,"Pinot gris",10.8666666666667,0,0,0,NA,3,2,NA,66.77,NA,NA,NA,252.6,8,10.8666666666667,0,NA,0,NA,66.77
0016-09-12,14,1,"R3","14.1.R3","Chamber 1",184.89,NA,8,NA,0,NA,0,NA,15.1,14.1,16.1,NA,NA,0,NA,NA,NA,"",28,"Cabernet Sauvignon",15.1,0,0,0,NA,0,0,NA,0,NA,NA,NA,184.89,8,15.1,0,NA,0,NA,0
0016-09-12,16,1,"R4","16.1.R4","Chamber 4",100.02,NA,7,NA,0,NA,0,NA,11.1,15,13,NA,NA,0,NA,NA,NA,"",28,"Sauvignon blanc",13.0333333333333,0,0,0,NA,0,0,NA,0,NA,NA,NA,100.02,7,13.0333333333333,0,NA,0,NA,0
0016-09-12,18,5,"R1","18.5.R1","Chamber 3",187.64,225.14,8,9,0,0,0,0,10.1,8,10.9,NA,NA,0,NA,NA,NA,"",28,"Durif1",9.66666666666667,0,0,0,NA,3,2,2,40.32,1.94999999999999,NA,NA,206.39,8.5,9.66666666666667,0,NA,0,NA,21.135
0016-09-12,18,5,"R4","18.5.R4","Chamber 3",372.37,NA,9,NA,0,NA,0,NA,11.2,10.4,10.6,NA,NA,0,NA,NA,NA,"",28,"Durif1",10.7333333333333,0,0,0,NA,0,0,NA,0,NA,NA,NA,372.37,9,10.7333333333333,0,NA,0,NA,0
0016-09-12,18,5,"R5","18.5.R5","Chamber 3",0,210.14,0,8,0,0,0,0,12.7,14,14,NA,NA,0,NA,NA,NA,"",28,"Durif1",13.5666666666667,0,0,0,NA,0,0,0,0,0,NA,NA,105.07,4,13.5666666666667,0,NA,0,NA,0
0016-09-12,18,5,"R8","18.5.R8","Chamber 1",312.48,NA,10,NA,0,NA,0,NA,8.7,10.7,9.6,NA,NA,0,NA,NA,NA,"",28,"Durif1",9.66666666666667,0,0,0,NA,0,0,NA,0,NA,NA,NA,312.48,10,9.66666666666667,0,NA,0,NA,0
0016-09-12,19,9,"R3","19.9.R3","Chamber 4",106.16,239.22,5,7,0,0,0,0,12.6,13.9,14.8,NA,NA,0,NA,NA,NA,"",28,"Syrah",13.7666666666667,0,0,NA,NA,3,1,1,19.18,48.65,NA,NA,172.69,6,13.7666666666667,0,NA,0,NA,33.915
0016-09-12,20,2,"R4","20.2.R4","Chamber 5",35.54,188.66,5,8,0,0,0,0,7.2,7.2,6.1,NA,NA,0,NA,NA,NA,"",28,"Valdepenas",6.83333333333333,0,0,NA,NA,3,1,0,3.81,8.02000000000001,NA,NA,112.1,6.5,6.83333333333333,0,NA,0,NA,5.915
0016-09-12,20,5,"R3","20.5.R3","Chamber 3",31.94,65.61,5,5,0,0,0,0,14.1,14.9,14.6,NA,NA,0,NA,NA,NA,"",28,"Gewurtztraminer",14.5333333333333,0,0,NA,NA,0,0,0,0,0,NA,NA,48.775,5,14.5333333333333,0,NA,0,NA,0
0016-09-12,38,7,"R2","38.7.R2","Chamber 5",58.06,155.07,5,7,0,0,0,0,7.1,8.3,7.9,NA,NA,0,NA,NA,NA,"",28,"Verdelho",7.76666666666667,0,0,0,NA,3,0,2,7.02,13.95,NA,NA,106.565,6,7.76666666666667,0,NA,0,NA,10.485
0016-09-12,38,7,"R3","38.7.R3","Chamber 4",114.58,204.19,6,8,0,0,0,0,10.4,8.5,8.7,NA,NA,0,NA,NA,NA,"",28,"Verdelho",9.2,0,0,NA,NA,3,1,0,31.34,32.82,NA,NA,159.385,7,9.2,0,NA,0,NA,32.08
0016-09-12,38,7,"R4","38.7.R4","Chamber 3",61.23,124.4,4,7,0,0,0,0,13.5,12.2,14.7,NA,NA,0,NA,NA,NA,"",28,"Verdelho",13.4666666666667,0,0,NA,NA,3,0,1,2.13,13.71,NA,NA,92.815,5.5,13.4666666666667,0,NA,0,NA,7.92
0016-09-12,38,7,"R5","38.7.R5","Chamber 2",169.4,NA,6,NA,0,NA,0,NA,12.2,11.8,12.5,NA,NA,0,NA,NA,NA,"",28,"Verdelho",12.1666666666667,0,0,NA,NA,3,1,NA,39.35,NA,NA,NA,169.4,6,12.1666666666667,0,NA,0,NA,39.35
0016-09-12,38,7,"R6","38.7.R6","Chamber 1",123.4,NA,6,NA,0,NA,0,NA,9.3,9.9,11,NA,NA,0,NA,NA,NA,"",28,"Verdelho",10.0666666666667,0,0,0,NA,3,1,NA,2.32000000000001,NA,NA,NA,123.4,6,10.0666666666667,0,NA,0,NA,2.32000000000001
0016-09-14,13,3,"R4","13.3.R4","Chamber 2",128.44,135.52,6,6,0,0,0,0,12.1,11.9,10.8,NA,NA,0,NA,NA,NA,"",30,"Pinot gris",11.6,0,0,NA,NA,0,0,0,0,0,NA,NA,131.98,6,11.6,0,NA,0,NA,0
0016-09-14,13,3,"R5","13.3.R5","Chamber 4",254.79,NA,8,NA,0,NA,0,NA,15,14.8,15.7,NA,NA,0,NA,NA,NA,"",30,"Pinot gris",15.1666666666667,0,0,0,NA,5,2,NA,68.96,NA,NA,NA,254.79,8,15.1666666666667,0,NA,0,NA,68.96
0016-09-14,14,1,"R3","14.1.R3","Chamber 1",209.64,NA,9,NA,0,NA,0,NA,13.5,13.3,14.9,NA,NA,0,NA,NA,NA,"",30,"Cabernet Sauvignon",13.9,0,0,0,NA,2,1,NA,24.75,NA,NA,NA,209.64,9,13.9,0,NA,0,NA,24.75
0016-09-14,16,1,"R1","16.1.R1","Chamber 5",52.79,155.08,6,7,0,0,0,0,11.7,10.4,12.2,NA,NA,0,NA,NA,NA,"",30,"Sauvignon blanc",11.4333333333333,0,0,NA,NA,0,0,0,0,0,NA,NA,103.935,6.5,11.4333333333333,0,NA,0,NA,0
0016-09-14,16,1,"R4","16.1.R4","Chamber 4",102.48,NA,7,NA,0,NA,0,NA,15,15.7,13.5,NA,NA,0,NA,NA,NA,"",30,"Sauvignon blanc",14.7333333333333,0,0,0,NA,2,0,NA,2.46000000000001,NA,NA,NA,102.48,7,14.7333333333333,0,NA,0,NA,2.46000000000001
0016-09-14,16,1,"R7","16.1.R7","Chamber 2",20.32,122.31,4,8,0,0,0,0,15.1,15.3,16.1,NA,NA,0,NA,NA,NA,"",30,"Sauvignon blanc",15.5,0,0,NA,NA,0,0,0,0,0,NA,NA,71.315,6,15.5,0,NA,0,NA,0
0016-09-14,18,5,"R1","18.5.R1","Chamber 3",189.31,310.16,8,10,0,0,0,0,13.6,14.5,13.8,NA,NA,0,NA,NA,NA,"",30,"Durif1",13.9666666666667,0,0,0,NA,5,2,3,41.99,86.97,NA,NA,249.735,9,13.9666666666667,0,NA,0,NA,64.48
0016-09-14,18,5,"R4","18.5.R4","Chamber 3",412.66,NA,10,NA,0,NA,0,NA,14.6,14.7,16,NA,NA,0,NA,NA,NA,"",30,"Durif1",15.1,0,0,0,NA,2,1,NA,40.29,NA,NA,NA,412.66,10,15.1,0,NA,0,NA,40.29
0016-09-14,18,5,"R5","18.5.R5","Chamber 3",0,230.45,0,9,0,0,0,0,12.6,12.2,11.8,NA,NA,0,NA,NA,NA,"",30,"Durif1",12.2,0,0,0,NA,2,0,1,0,20.31,NA,NA,115.225,4.5,12.2,0,NA,0,NA,10.155
0016-09-14,18,5,"R8","18.5.R8","Chamber 1",355.16,NA,10,NA,0,NA,0,NA,14.9,15.5,15.5,NA,NA,0,NA,NA,NA,"",30,"Durif1",15.3,0,0,0,NA,2,0,NA,42.68,NA,NA,NA,355.16,10,15.3,0,NA,0,NA,42.68
0016-09-14,19,9,"R3","19.9.R3","Chamber 4",106.69,253.91,5,9,0,0,0,0,16.3,16.6,15,NA,NA,0,NA,NA,NA,"",30,"Syrah",15.9666666666667,0,0,NA,NA,5,1,3,19.71,63.34,NA,NA,180.3,7,15.9666666666667,0,NA,0,NA,41.525
0016-09-14,20,2,"R1","20.2.R1","Chamber 5",57.38,162.75,5,9,0,0,0,0,18.1,18.1,18.6,NA,NA,0,NA,NA,NA,"",30,"Valdepenas",18.2666666666667,0,0,NA,NA,0,0,0,0,0,NA,NA,110.065,7,18.2666666666667,0,NA,0,NA,0
0016-09-14,20,2,"R4","20.2.R4","Chamber 5",36.21,193.78,5,9,0,0,0,0,13.6,11.5,12.4,NA,NA,0,NA,NA,NA,"",30,"Valdepenas",12.5,0,0,NA,NA,5,1,1,4.48,13.14,NA,NA,114.995,7,12.5,0,NA,0,NA,8.81000000000001
0016-09-14,20,2,"R5","20.2.R5","Chamber 4",205.5,NA,8,NA,0,NA,0,NA,11.3,10.9,11.3,NA,NA,0,NA,NA,NA,"",30,"Valdepenas",11.1666666666667,0,0,0,NA,0,0,NA,0,NA,NA,NA,205.5,8,11.1666666666667,0,NA,0,NA,0
0016-09-14,20,5,"R3","20.5.R3","Chamber 3",32,71.56,5,6,0,0,0,0,14.3,13.2,11.6,NA,NA,0,NA,NA,NA,"",30,"Gewurtztraminer",13.0333333333333,0,0,NA,NA,2,0,1,0.0599999999999987,5.95,NA,NA,51.78,5.5,13.0333333333333,0,NA,0,NA,3.005
0016-09-14,38,7,"R2","38.7.R2","Chamber 5",65.39,170.91,5,7,0,0,0,0,14.6,12.5,14.8,NA,NA,0,NA,NA,NA,"",30,"Verdelho",13.9666666666667,0,0,0,NA,5,0,2,14.35,29.79,NA,NA,118.15,6,13.9666666666667,0,NA,0,NA,22.07
0016-09-14,38,7,"R3","38.7.R3","Chamber 4",121.88,208.09,6,8,0,0,0,0,12.5,11.6,12.1,NA,NA,0,NA,NA,NA,"",30,"Verdelho",12.0666666666667,0,0,NA,NA,5,1,0,38.64,36.72,NA,NA,164.985,7,12.0666666666667,0,NA,0,NA,37.68
0016-09-14,38,7,"R4","38.7.R4","Chamber 3",64.67,126.53,5,8,0,0,0,0,17.5,18.6,14.9,NA,NA,0,NA,NA,NA,"",30,"Verdelho",17,0,0,NA,NA,5,1,2,5.57,15.84,NA,NA,95.6,6.5,17,0,NA,0,NA,10.705
0016-09-14,38,7,"R5","38.7.R5","Chamber 2",171.05,NA,7,NA,0,NA,0,NA,15.2,15.2,14.7,NA,NA,0,NA,NA,NA,"",30,"Verdelho",15.0333333333333,0,0,NA,NA,5,2,NA,41,NA,NA,NA,171.05,7,15.0333333333333,0,NA,0,NA,41
0016-09-14,38,7,"R6","38.7.R6","Chamber 1",123.68,NA,7,NA,0,NA,0,NA,16.9,20.1,15.7,NA,NA,0,NA,NA,NA,"",30,"Verdelho",17.5666666666667,0,0,0,NA,5,2,NA,2.60000000000001,NA,NA,NA,123.68,7,17.5666666666667,0,NA,0,NA,2.60000000000001
0016-09-16,13,3,"R4","13.3.R4","Chamber 2",128.87,141.14,7,6,0,0,0,0,13.2,13.7,15.7,NA,NA,0,NA,NA,NA,"",32,"Pinot gris",14.2,0,0,NA,NA,2,1,0,0.430000000000007,5.61999999999998,NA,NA,135.005,6.5,14.2,0,NA,0,NA,3.02499999999999
0016-09-16,13,3,"R5","13.3.R5","Chamber 4",282.05,NA,9,NA,0,NA,0,NA,18.2,19.6,19.3,NA,NA,0,NA,NA,NA,"",32,"Pinot gris",19.0333333333333,0,0,0,NA,7,3,NA,96.22,NA,NA,NA,282.05,9,19.0333333333333,0,NA,0,NA,96.22
0016-09-16,14,1,"R3","14.1.R3","Chamber 1",235.06,NA,9,NA,0,NA,0,NA,17,19.3,16.6,NA,NA,0,NA,NA,NA,"",32,"Cabernet Sauvignon",17.6333333333333,0,0,0,NA,4,1,NA,50.17,NA,NA,NA,235.06,9,17.6333333333333,0,NA,0,NA,50.17
0016-09-16,16,1,"R1","16.1.R1","Chamber 5",77.14,164.28,6,7,0,0,0,0,20.4,18.3,19.4,NA,NA,0,NA,NA,NA,"",32,"Sauvignon blanc",19.3666666666667,0,0,NA,NA,2,0,0,24.35,9.19999999999999,NA,NA,120.71,6.5,19.3666666666667,0,NA,0,NA,16.775
0016-09-16,16,1,"R4","16.1.R4","Chamber 4",105.45,NA,7,NA,0,NA,0,NA,17.1,16.5,17.7,NA,NA,0,NA,NA,NA,"",32,"Sauvignon blanc",17.1,0,0,0,NA,4,0,NA,5.43000000000001,NA,NA,NA,105.45,7,17.1,0,NA,0,NA,5.43000000000001
0016-09-16,16,1,"R7","16.1.R7","Chamber 2",29.83,143.5,4,8,0,0,0,0,14.6,16.3,16.5,NA,NA,0,NA,NA,NA,"",32,"Sauvignon blanc",15.8,0,0,NA,NA,2,0,0,9.51,21.19,NA,NA,86.665,6,15.8,0,NA,0,NA,15.35
0016-09-16,18,5,"R1","18.5.R1","Chamber 3",192.84,319.9,9,10,0,0,0,0,18.4,16.1,18.1,NA,NA,0,NA,NA,NA,"",32,"Durif1",17.5333333333333,0,0,0,NA,7,3,3,45.52,96.71,NA,NA,256.37,9.5,17.5333333333333,0,NA,0,NA,71.115
0016-09-16,18,5,"R4","18.5.R4","Chamber 3",463.76,NA,10,NA,0,NA,0,NA,16.7,15.5,16.6,NA,NA,0,NA,NA,NA,"",32,"Durif1",16.2666666666667,0,0,0,NA,4,1,NA,91.39,NA,NA,NA,463.76,10,16.2666666666667,0,NA,0,NA,91.39
0016-09-16,18,5,"R5","18.5.R5","Chamber 3",0,281.28,0,10,0,0,0,0,15.9,14.7,17.3,NA,NA,0,NA,NA,NA,"",32,"Durif1",15.9666666666667,0,0,0,NA,4,0,2,0,71.14,NA,NA,140.64,5,15.9666666666667,0,NA,0,NA,35.57
0016-09-16,18,5,"R7","18.5.R7","Chamber 2",152.6,184.1,6,9,0,0,0,0,12.7,15.5,13,NA,NA,0,NA,NA,NA,"",32,"Durif1",13.7333333333333,0,0,0,NA,0,0,0,0,0,NA,NA,168.35,7.5,13.7333333333333,0,NA,0,NA,0
0016-09-16,18,5,"R8","18.5.R8","Chamber 1",371.25,NA,10,NA,0,NA,0,NA,17.2,17.7,16.8,NA,NA,0,NA,NA,NA,"",32,"Durif1",17.2333333333333,0,0,0,NA,4,0,NA,58.77,NA,NA,NA,371.25,10,17.2333333333333,0,NA,0,NA,58.77
0016-09-16,19,9,"R3","19.9.R3","Chamber 4",123.24,279.98,6,9,0,0,0,0,19.4,19.1,15.8,NA,NA,0,NA,NA,NA,"",32,"Syrah",18.1,0,0,NA,NA,7,2,3,36.26,89.41,NA,NA,201.61,7.5,18.1,0,NA,0,NA,62.835
0016-09-16,20,2,"R1","20.2.R1","Chamber 5",57.61,189.7,5,9,0,0,0,0,18.6,22.5,18.2,NA,NA,0,NA,NA,NA,"",32,"Valdepenas",19.7666666666667,0,0,NA,NA,2,0,0,0.229999999999997,26.95,NA,NA,123.655,7,19.7666666666667,0,NA,0,NA,13.59
0016-09-16,20,2,"R4","20.2.R4","Chamber 5",38.54,196.03,5,9,0,0,0,0,18.4,16,18.9,NA,NA,0,NA,NA,NA,"",32,"Valdepenas",17.7666666666667,0,0,NA,NA,7,1,1,6.81,15.39,NA,NA,117.285,7,17.7666666666667,0,NA,0,NA,11.1
0016-09-16,20,2,"R5","20.2.R5","Chamber 4",227.62,NA,9,NA,0,NA,0,NA,17,17.7,18.2,NA,NA,0,NA,NA,NA,"",32,"Valdepenas",17.6333333333333,0,0,0,NA,2,1,NA,22.12,NA,NA,NA,227.62,9,17.6333333333333,0,NA,0,NA,22.12
0016-09-16,20,5,"R3","20.5.R3","Chamber 3",32.67,80.17,5,7,0,0,0,0,16.1,15.6,16.3,NA,NA,0,NA,NA,NA,"",32,"Gewurtztraminer",16,0,0,NA,NA,4,0,2,0.73,14.56,NA,NA,56.42,6,16,0,NA,0,NA,7.645
0016-09-16,35,3,"R6","35.3.R6","Chamber 3",226.93,NA,9,NA,0,NA,0,NA,12.8,18.5,16.7,NA,NA,0,NA,NA,NA,"",32,"Tempranillo",16,0,0,0,NA,0,0,NA,0,NA,NA,NA,226.93,9,16,0,NA,0,NA,0
0016-09-16,38,7,"R2","38.7.R2","Chamber 5",81.31,171.49,6,7,0,0,0,0,19.7,16,18.2,NA,NA,0,NA,NA,NA,"",32,"Verdelho",17.9666666666667,0,0,0,NA,7,1,2,30.27,30.37,NA,NA,126.4,6.5,17.9666666666667,0,NA,0,NA,30.32
0016-09-16,38,7,"R3","38.7.R3","Chamber 4",134.22,215.53,7,9,0,0,0,0,15.4,19.4,15.5,NA,NA,0,NA,NA,NA,"",32,"Verdelho",16.7666666666667,0,0,NA,NA,7,2,1,50.98,44.16,NA,NA,174.875,8,16.7666666666667,0,NA,0,NA,47.57
0016-09-16,38,7,"R4","38.7.R4","Chamber 3",65.7,128.36,5,8,0,0,0,0,18.8,19.9,19.1,NA,NA,0,NA,NA,NA,"",32,"Verdelho",19.2666666666667,0,0,NA,NA,7,1,2,6.6,17.67,NA,NA,97.03,6.5,19.2666666666667,0,NA,0,NA,12.135
0016-09-16,38,7,"R5","38.7.R5","Chamber 2",183.86,NA,8,NA,0,NA,0,NA,13.4,12.6,11,NA,NA,0,NA,NA,NA,"",32,"Verdelho",12.3333333333333,0,0,NA,NA,7,3,NA,53.81,NA,NA,NA,183.86,8,12.3333333333333,0,NA,0,NA,53.81
0016-09-16,38,7,"R6","38.7.R6","Chamber 1",128.34,NA,7,NA,0,NA,0,NA,17.4,18,19.9,NA,NA,0,NA,NA,NA,"",32,"Verdelho",18.4333333333333,0,0,0,NA,7,2,NA,7.26000000000001,NA,NA,NA,128.34,7,18.4333333333333,0,NA,0,NA,7.26000000000001
0016-09-19,13,3,"R4","13.3.R4","Chamber 2",130.96,147.31,7,7,0,0,0,0,15.3,14.3,15.3,NA,NA,0,NA,NA,NA,"",35,"Pinot gris",14.9666666666667,0,0,NA,NA,5,1,1,2.52000000000001,11.79,NA,NA,139.135,7,14.9666666666667,0,NA,0,NA,7.155
0016-09-19,13,3,"R5","13.3.R5","Chamber 4",297.52,NA,10,NA,0,NA,0,NA,23.6,19.8,20.9,NA,NA,0,NA,NA,NA,"",35,"Pinot gris",21.4333333333333,0,0,0,NA,10,4,NA,111.69,NA,NA,NA,297.52,10,21.4333333333333,0,NA,0,NA,111.69
0016-09-19,14,1,"R3","14.1.R3","Chamber 1",245.12,NA,10,NA,0,NA,0,NA,14.9,17,16.8,NA,NA,0,NA,NA,NA,"",35,"Cabernet Sauvignon",16.2333333333333,0,0,0,NA,7,2,NA,60.23,NA,NA,NA,245.12,10,16.2333333333333,0,NA,0,NA,60.23
0016-09-19,16,1,"R1","16.1.R1","Chamber 5",78.63,167.27,6,8,0,0,0,0,20.1,19.5,20.1,NA,NA,0,NA,NA,NA,"",35,"Sauvignon blanc",19.9,0,0,NA,NA,5,0,1,25.84,12.19,NA,NA,122.95,7,19.9,0,NA,0,NA,19.015
0016-09-19,16,1,"R3","16.1.R3","Chamber 1",115.53,331.13,7,10,0,0,0,0,13,12.1,15.4,NA,NA,0,NA,NA,NA,"",35,"Sauvignon blanc",13.5,0,0,0,NA,0,0,0,0,0,NA,NA,223.33,8.5,13.5,0,NA,0,NA,0
0016-09-19,16,1,"R4","16.1.R4","Chamber 4",118.04,NA,8,NA,0,NA,0,NA,21.6,17.5,19.4,NA,NA,0,NA,NA,NA,"",35,"Sauvignon blanc",19.5,0,0,0,NA,7,1,NA,18.02,NA,NA,NA,118.04,8,19.5,0,NA,0,NA,18.02
0016-09-19,16,1,"R7","16.1.R7","Chamber 2",37.71,165.11,4,9,0,0,0,0,19.4,17.3,16.9,NA,NA,0,NA,NA,NA,"",35,"Sauvignon blanc",17.8666666666667,0,0,NA,NA,5,0,1,17.39,42.8,NA,NA,101.41,6.5,17.8666666666667,0,NA,0,NA,30.095
0016-09-19,18,5,"R1","18.5.R1","Chamber 3",202.6,321.56,9,10,0,0,0,0,11.5,14.1,13.6,NA,NA,0,NA,NA,NA,"",35,"Durif1",13.0666666666667,0,0,0,NA,10,3,3,55.28,98.37,NA,NA,262.08,9.5,13.0666666666667,0,NA,0,NA,76.825
0016-09-19,18,5,"R4","18.5.R4","Chamber 3",470.18,NA,10,NA,0,NA,0,NA,13,13.5,11.8,NA,NA,0,NA,NA,NA,"",35,"Durif1",12.7666666666667,0,0,0,NA,7,1,NA,97.81,NA,NA,NA,470.18,10,12.7666666666667,0,NA,0,NA,97.81
0016-09-19,18,5,"R5","18.5.R5","Chamber 3",0,290.77,0,10,0,0,0,0,13.7,13.7,14.7,NA,NA,0,NA,NA,NA,"",35,"Durif1",14.0333333333333,0,0,0,NA,7,0,2,0,80.63,NA,NA,145.385,5,14.0333333333333,0,NA,0,NA,40.315
0016-09-19,18,5,"R7","18.5.R7","Chamber 2",153.65,188.88,6,9,0,0,0,0,15.8,15,15.6,NA,NA,0,NA,NA,NA,"leaf damage, photos in google drive folder ""heattolerance>experiment""",35,"Durif1",15.4666666666667,0,0,0,NA,3,0,0,1.05000000000001,4.78,NA,NA,171.265,7.5,15.4666666666667,0,NA,0,NA,2.91500000000001
0016-09-19,18,5,"R8","18.5.R8","Chamber 1",372.23,NA,10,NA,0,NA,0,NA,13.2,16.3,14.2,NA,NA,0,NA,NA,NA,"",35,"Durif1",14.5666666666667,0,0,0,NA,7,0,NA,59.75,NA,NA,NA,372.23,10,14.5666666666667,0,NA,0,NA,59.75
0016-09-19,19,9,"R3","19.9.R3","Chamber 4",139.49,331.12,7,10,0,0,0,0,17.9,18.9,19,NA,NA,0,NA,NA,NA,"",35,"Syrah",18.6,0,0,NA,NA,10,3,4,52.51,140.55,NA,NA,235.305,8.5,18.6,0,NA,0,NA,96.53
0016-09-19,20,2,"R1","20.2.R1","Chamber 5",59.33,196.19,5,9,0,0,0,0,18.9,18.7,19,NA,NA,0,NA,NA,NA,"",35,"Valdepenas",18.8666666666667,0,0,NA,NA,5,0,0,1.95,33.44,NA,NA,127.76,7,18.8666666666667,0,NA,0,NA,17.695
0016-09-19,20,2,"R4","20.2.R4","Chamber 5",41.11,209.38,5,9,0,1,0,9,18.1,18.5,22.4,NA,NA,0,NA,NA,NA,"",35,"Valdepenas",19.6666666666667,0.5,1,NA,NA,10,1,1,9.38,28.74,NA,NA,125.245,7,19.6666666666667,0.5,NA,0,NA,19.06
0016-09-19,20,2,"R5","20.2.R5","Chamber 4",249.21,NA,9,NA,0,NA,0,NA,19.5,18.7,18.3,NA,NA,0,NA,NA,NA,"",35,"Valdepenas",18.8333333333333,0,0,0,NA,5,1,NA,43.71,NA,NA,NA,249.21,9,18.8333333333333,0,NA,0,NA,43.71
0016-09-19,20,5,"R3","20.5.R3","Chamber 3",33.17,118.44,5,7,0,0,0,0,13.3,13,14,NA,NA,0,NA,NA,NA,"",35,"Gewurtztraminer",13.4333333333333,0,0,NA,NA,7,0,2,1.23,52.83,NA,NA,75.805,6,13.4333333333333,0,NA,0,NA,27.03
0016-09-19,35,3,"R6","35.3.R6","Chamber 3",297.96,NA,9,NA,0,NA,0,NA,12,11.4,13.2,NA,NA,0,NA,NA,NA,"",35,"Tempranillo",12.2,0,0,0,NA,3,0,NA,71.03,NA,NA,NA,297.96,9,12.2,0,NA,0,NA,71.03
0016-09-19,38,7,"R2","38.7.R2","Chamber 5",116.12,175.86,8,8,0,0,0,0,15.7,17.9,15.1,NA,NA,0,NA,NA,NA,"",35,"Verdelho",16.2333333333333,0,0,0,NA,10,3,3,65.08,34.74,NA,NA,145.99,8,16.2333333333333,0,NA,0,NA,49.91
0016-09-19,38,7,"R3","38.7.R3","Chamber 4",151.33,228.06,9,10,0,2,0,3,19.4,17.4,19.5,NA,10,0,NA,NA,NA,"",35,"Verdelho",18.7666666666667,1,2,NA,NA,10,4,2,68.09,56.69,NA,NA,189.695,9.5,18.7666666666667,1,10,0,NA,62.39
0016-09-19,38,7,"R4","38.7.R4","Chamber 3",67.21,128.37,5,8,0,8,0,6,15.2,15,17,NA,NA,0,NA,NA,NA,"",35,"Verdelho",15.7333333333333,4,8,NA,NA,10,1,2,8.10999999999999,17.68,NA,NA,97.79,6.5,15.7333333333333,4,NA,0,NA,12.895
0016-09-19,38,7,"R5","38.7.R5","Chamber 2",228.68,NA,10,NA,0,NA,0,NA,16.9,17.3,16.9,NA,NA,0,NA,NA,NA,"",35,"Verdelho",17.0333333333333,0,0,NA,NA,10,5,NA,98.63,NA,NA,NA,228.68,10,17.0333333333333,0,NA,0,NA,98.63
0016-09-19,38,7,"R6","38.7.R6","Chamber 1",129.51,NA,7,NA,0,NA,0,NA,17,14.6,17.7,NA,NA,0,NA,NA,NA,"",35,"Verdelho",16.4333333333333,0,0,0,NA,10,2,NA,8.42999999999999,NA,NA,NA,129.51,7,16.4333333333333,0,NA,0,NA,8.42999999999999
0016-09-21,13,3,"R4","13.3.R4","Chamber 2",132.88,148.32,7,7,0,0,0,0,13,13.5,15,NA,NA,0,NA,NA,NA,"",37,"Pinot gris",13.8333333333333,0,0,NA,NA,7,1,1,4.44,12.8,NA,NA,140.6,7,13.8333333333333,0,NA,0,NA,8.61999999999999
0016-09-21,13,3,"R5","13.3.R5","Chamber 4",298.19,NA,10,NA,0,NA,0,NA,18.3,18.8,19.1,NA,NA,27,NA,46,NA,"",37,"Pinot gris",18.7333333333333,0,0,1,NA,12,4,NA,112.36,NA,NA,NA,298.19,10,18.7333333333333,0,NA,27,46,112.36
0016-09-21,14,1,"R3","14.1.R3","Chamber 1",251.66,NA,10,NA,0,NA,0,NA,15.2,15.1,15.5,NA,NA,0,NA,NA,NA,"",37,"Cabernet Sauvignon",15.2666666666667,0,0,0,NA,9,2,NA,66.77,NA,NA,NA,251.66,10,15.2666666666667,0,NA,0,NA,66.77
0016-09-21,16,1,"R1","16.1.R1","Chamber 5",78.68,174.49,6,8,0,0,0,0,10.8,13.3,10.9,NA,NA,0,21,NA,34,"",37,"Sauvignon blanc",11.6666666666667,0,0,NA,0.875,7,0,1,25.89,19.41,NA,NA,126.585,7,11.6666666666667,0,NA,10.5,34,22.65
0016-09-21,16,1,"R3","16.1.R3","Chamber 1",120.88,344.88,7,10,0,0,0,0,11.1,13,11.6,NA,NA,0,NA,NA,NA,"",37,"Sauvignon blanc",11.9,0,0,0,NA,2,0,0,5.34999999999999,13.75,NA,NA,232.88,8.5,11.9,0,NA,0,NA,9.55
0016-09-21,16,1,"R4","16.1.R4","Chamber 4",136.91,NA,9,NA,0,NA,0,NA,17.5,16.6,16,NA,NA,14,NA,16,NA,"",37,"Sauvignon blanc",16.7,0,0,1,NA,9,2,NA,36.89,NA,NA,NA,136.91,9,16.7,0,NA,14,16,36.89
0016-09-21,16,1,"R7","16.1.R7","Chamber 2",43.17,184.15,5,10,0,0,0,0,17.1,16.2,17,NA,NA,0,32,NA,67,"",37,"Sauvignon blanc",16.7666666666667,0,0,NA,0.888888888888889,7,1,2,22.85,61.84,NA,NA,113.66,7.5,16.7666666666667,0,NA,16,67,42.345
0016-09-21,18,5,"R1","18.5.R1","Chamber 3",232.35,366.72,10,10,0,4,0,7,17,18.1,18.5,NA,2,0,NA,NA,NA,"",37,"Durif1",17.8666666666667,2,4,0,NA,12,4,3,85.03,143.53,NA,NA,299.535,10,17.8666666666667,2,2,0,NA,114.28
0016-09-21,18,5,"R4","18.5.R4","Chamber 3",479.15,NA,10,NA,0,NA,0,NA,9.4,11.2,9.7,NA,NA,33,NA,57,NA,"",37,"Durif1",10.1,0,0,1,NA,9,1,NA,106.78,NA,NA,NA,479.15,10,10.1,0,NA,33,57,106.78
0016-09-21,18,5,"R5","18.5.R5","Chamber 3",0,299.48,0,10,0,0,0,0,11.5,11.9,13.6,NA,NA,56,NA,111,NA,"",37,"Durif1",12.3333333333333,0,0,1,NA,9,0,2,0,89.34,NA,NA,149.74,5,12.3333333333333,0,NA,56,111,44.67
0016-09-21,18,5,"R7","18.5.R7","Chamber 2",154.71,188.98,6,10,0,0,0,0,11,13.1,13.9,NA,NA,0,NA,NA,NA,"",37,"Durif1",12.6666666666667,0,0,0,NA,5,0,1,2.11000000000001,4.88,NA,NA,171.845,8,12.6666666666667,0,NA,0,NA,3.495
0016-09-21,18,5,"R8","18.5.R8","Chamber 1",380.4,NA,10,NA,0,NA,0,NA,15.3,15.3,15.9,NA,NA,0,NA,NA,NA,"",37,"Durif1",15.5,0,0,0,NA,9,0,NA,67.92,NA,NA,NA,380.4,10,15.5,0,NA,0,NA,67.92
0016-09-21,19,9,"R3","19.9.R3","Chamber 4",143.49,331.41,7,10,0,0,0,0,14.6,15.6,13.4,NA,NA,0,59,NA,117,"",37,"Syrah",14.5333333333333,0,0,NA,0.936507936507937,12,3,4,56.51,140.84,NA,NA,237.45,8.5,14.5333333333333,0,NA,29.5,117,98.675
0016-09-21,20,2,"R1","20.2.R1","Chamber 5",61.46,199.65,5,9,0,0,0,0,15.3,16.7,16.5,NA,NA,0,33,NA,57,"",37,"Valdepenas",16.1666666666667,0,0,NA,0.492537313432836,7,0,0,4.08,36.9,NA,NA,130.555,7,16.1666666666667,0,NA,16.5,57,20.49
0016-09-21,20,2,"R4","20.2.R4","Chamber 5",41.35,212.13,5,9,0,5,0,18,12.9,11.8,11.9,NA,NA,0,146,NA,323,"",37,"Valdepenas",12.2,2.5,5,NA,1,12,1,1,9.62,31.49,NA,NA,126.74,7,12.2,2.5,NA,73,323,20.555
0016-09-21,20,2,"R5","20.2.R5","Chamber 4",258.24,NA,9,NA,0,NA,0,NA,13.9,11.2,14,NA,NA,51,NA,98,NA,"",37,"Valdepenas",13.0333333333333,0,0,1,NA,7,1,NA,52.74,NA,NA,NA,258.24,9,13.0333333333333,0,NA,51,98,52.74
0016-09-21,20,5,"R3","20.5.R3","Chamber 3",37.31,147.64,5,10,0,0,0,0,12,11.2,11.4,NA,NA,0,22,NA,33,"",37,"Gewurtztraminer",11.5333333333333,0,0,NA,1,9,0,5,5.37,82.03,NA,NA,92.475,7.5,11.5333333333333,0,NA,11,33,43.7
0016-09-21,22,9,"R7","22.9.R7","Chamber 5",174.38,NA,7,NA,0,NA,0,NA,17.4,19,19.2,NA,NA,0,NA,NA,NA,"",37,"Durif2",18.5333333333333,0,0,0,NA,0,0,NA,0,NA,NA,NA,174.38,7,18.5333333333333,0,NA,0,NA,0
0016-09-21,35,3,"R6","35.3.R6","Chamber 3",298.7,NA,10,NA,0,NA,0,NA,9.5,9.9,9.5,NA,NA,20,NA,29,NA,"",37,"Tempranillo",9.63333333333333,0,0,0.952380952380952,NA,5,1,NA,71.77,NA,NA,NA,298.7,10,9.63333333333333,0,NA,20,29,71.77
0016-09-21,38,7,"R2","38.7.R2","Chamber 5",129.21,181.18,8,8,0,0,0,0,17.9,14.4,12.8,NA,NA,0,87,NA,182,"",37,"Verdelho",15.0333333333333,0,0,0,0.428571428571429,12,3,3,78.17,40.06,NA,NA,155.195,8,15.0333333333333,0,NA,43.5,182,59.115
0016-09-21,38,7,"R3","38.7.R3","Chamber 4",155.08,239.05,10,10,1,2,0,5,13.8,11.6,12.3,NA,3,0,NA,NA,NA,"",37,"Verdelho",12.5666666666667,1.5,3,NA,NA,12,5,2,71.84,67.68,NA,NA,197.065,10,12.5666666666667,1.5,3,0,NA,69.76
0016-09-21,38,7,"R4","38.7.R4","Chamber 3",72.14,129.08,6,8,50,18,25,21,11.9,14,13.7,NA,NA,0,NA,NA,NA,"",37,"Verdelho",13.2,34,68,NA,NA,12,2,2,13.04,18.39,NA,NA,100.61,7,13.2,34,NA,0,NA,15.715
0016-09-21,38,7,"R5","38.7.R5","Chamber 2",246.56,NA,10,NA,15,NA,3,NA,14.2,13.8,11.4,NA,NA,0,NA,NA,NA,"leaf damage",37,"Verdelho",13.1333333333333,15,15,NA,NA,12,5,NA,116.51,NA,NA,NA,246.56,10,13.1333333333333,15,NA,0,NA,116.51
0016-09-21,38,7,"R6","38.7.R6","Chamber 1",129.6,NA,7,NA,0,NA,0,NA,14.9,15.6,16.9,NA,NA,70,NA,142,NA,"",37,"Verdelho",15.8,0,0,1,NA,12,2,NA,8.52,NA,NA,NA,129.6,7,15.8,0,NA,70,142,8.52
0016-09-23,13,3,"R4","13.3.R4","Chamber 2",133.84,150.8,7,7,0,20,0,3,16.3,13.5,17.1,NA,NA,0,NA,NA,NA,"",39,"Pinot gris",15.6333333333333,10,20,NA,NA,9,1,1,5.40000000000001,15.28,NA,NA,142.32,7,15.6333333333333,10,NA,0,NA,10.34
0016-09-23,13,3,"R5","13.3.R5","Chamber 4",301.64,NA,10,NA,0,NA,0,NA,15,17,15.6,6,NA,0,38,NA,42,"",39,"Pinot gris",15.8666666666667,0,0,0,1,14,4,NA,115.81,NA,NA,NA,301.64,10,15.8666666666667,0,6,19,42,115.81
0016-09-23,14,1,"R3","14.1.R3","Chamber 1",252.24,NA,10,NA,0,NA,0,NA,14.5,12.4,14.4,NA,NA,37,NA,64,NA,"",39,"Cabernet Sauvignon",13.7666666666667,0,0,1,NA,11,2,NA,67.35,NA,NA,NA,252.24,10,13.7666666666667,0,NA,37,64,67.35
0016-09-23,16,1,"R1","16.1.R1","Chamber 5",81.08,174.93,7,8,0,0,0,0,15.6,16.7,17,NA,NA,0,24,NA,36,"",39,"Sauvignon blanc",16.4333333333333,0,0,NA,1,9,1,1,28.29,19.85,NA,NA,128.005,7.5,16.4333333333333,0,NA,12,36,24.07
0016-09-23,16,1,"R3","16.1.R3","Chamber 1",121.5,353.34,7,10,0,0,0,0,8,8.7,8.6,NA,NA,16,10,21,12,"",39,"Sauvignon blanc",8.43333333333333,0,0,1,0.909090909090909,4,0,0,5.97,22.21,NA,NA,237.42,8.5,8.43333333333333,0,NA,13,16.5,14.09
0016-09-23,16,1,"R4","16.1.R4","Chamber 4",154.71,NA,10,NA,0,NA,0,NA,15.3,14.2,14.5,NA,NA,0,NA,NA,NA,"",39,"Sauvignon blanc",14.6666666666667,0,0,0,NA,11,3,NA,54.69,NA,NA,NA,154.71,10,14.6666666666667,0,NA,0,NA,54.69
0016-09-23,16,1,"R7","16.1.R7","Chamber 2",46.65,186.96,7,12,0,0,0,0,17,15.8,15.8,NA,NA,0,36,NA,62,"",39,"Sauvignon blanc",16.2,0,0,NA,1,9,3,4,26.33,64.65,NA,NA,116.805,9.5,16.2,0,NA,18,62,45.49
0016-09-23,18,5,"R1","18.5.R1","Chamber 3",236.44,376.44,10,10,0,7,0,5,14.5,14.3,15.6,NA,NA,8,NA,8,NA,"",39,"Durif1",14.8,3.5,7,1,NA,14,4,3,89.12,153.25,NA,NA,306.44,10,14.8,3.5,NA,8,8,121.185
0016-09-23,18,5,"R4","18.5.R4","Chamber 3",482.73,NA,10,NA,0,NA,0,NA,12.5,14.7,14.5,NA,NA,0,NA,NA,NA,"38.7",39,"Durif1",13.9,0,0,0,NA,11,1,NA,110.36,NA,NA,NA,482.73,10,13.9,0,NA,0,NA,110.36
0016-09-23,18,5,"R5","18.5.R5","Chamber 3",0,308.23,0,10,0,0,0,0,14.4,15.8,16.7,NA,NA,0,54,NA,105,"",39,"Durif1",15.6333333333333,0,0,0,1,11,0,2,0,98.09,NA,NA,154.115,5,15.6333333333333,0,NA,27,105,49.045
0016-09-23,18,5,"R7","18.5.R7","Chamber 2",155.08,191.03,6,10,0,0,0,0,17.4,16.6,17.4,NA,NA,36,16,64,17,"",39,"Durif1",17.1333333333333,0,0,0.705882352941177,1,7,0,1,2.48000000000002,6.93000000000001,NA,NA,173.055,8,17.1333333333333,0,NA,26,40.5,4.70500000000001
0016-09-23,18,5,"R8","18.5.R8","Chamber 1",384.41,NA,10,NA,0,NA,0,NA,12,12.6,13.7,NA,NA,22,NA,33,NA,"",39,"Durif1",12.7666666666667,0,0,1,NA,11,0,NA,71.93,NA,NA,NA,384.41,10,12.7666666666667,0,NA,22,33,71.93
0016-09-23,19,9,"R3","19.9.R3","Chamber 4",168.27,347.51,8,10,0,0,0,0,19,17.1,19,NA,9,0,63,NA,124,"",39,"Syrah",18.3666666666667,0,0,NA,1,14,4,4,81.29,156.94,NA,NA,257.89,9,18.3666666666667,0,9,31.5,124,119.115
0016-09-23,20,2,"R1","20.2.R1","Chamber 5",63.25,200.88,5,9,0,1,0,1,17.2,17.1,17.5,NA,NA,0,67,NA,135,"",39,"Valdepenas",17.2666666666667,0.5,1,NA,1,9,0,0,5.87,38.13,NA,NA,132.065,7,17.2666666666667,0.5,NA,33.5,135,22
0016-09-23,20,2,"R4","20.2.R4","Chamber 5",42.13,216.43,5,10,0,15,0,24,18.6,17.9,15.1,NA,9,0,107,NA,230,"",39,"Valdepenas",17.2,7.5,15,NA,0.732876712328767,14,1,2,10.4,35.79,NA,NA,129.28,7.5,17.2,7.5,9,53.5,230,23.095
0016-09-23,20,2,"R5","20.2.R5","Chamber 4",259,NA,10,NA,50,NA,18,NA,19.4,19.9,18,NA,NA,0,NA,NA,NA,"",39,"Valdepenas",19.1,50,50,0,NA,9,2,NA,53.5,NA,NA,NA,259,10,19.1,50,NA,0,NA,53.5
0016-09-23,20,2,"R6","20.2.R6","Chamber 4",157.45,NA,8,NA,0,NA,0,NA,17.6,13.5,14.1,NA,NA,0,NA,NA,NA,"",39,"Valdepenas",15.0666666666667,0,0,NA,NA,0,0,NA,0,NA,NA,NA,157.45,8,15.0666666666667,0,NA,0,NA,0
0016-09-23,20,5,"R3","20.5.R3","Chamber 3",39.9,171.93,5,10,0,5,0,1,15,13.4,13.8,NA,NA,0,NA,NA,NA,"35.4",39,"Gewurtztraminer",14.0666666666667,2.5,5,NA,NA,11,0,5,7.96,106.32,NA,NA,105.915,7.5,14.0666666666667,2.5,NA,0,NA,57.14
0016-09-23,22,9,"R7","22.9.R7","Chamber 5",175.74,NA,8,NA,0,NA,0,NA,14.7,15.4,15.7,NA,NA,40,NA,74,NA,"",39,"Durif2",15.2666666666667,0,0,1,NA,2,1,NA,1.36000000000001,NA,NA,NA,175.74,8,15.2666666666667,0,NA,40,74,1.36000000000001
0016-09-23,35,3,"R6","35.3.R6","Chamber 3",299.85,NA,10,NA,0,NA,0,NA,12.8,14.1,11.8,NA,NA,21,NA,32,NA,"",39,"Tempranillo",12.9,0,0,1,NA,7,1,NA,72.92,NA,NA,NA,299.85,10,12.9,0,NA,21,32,72.92
0016-09-23,38,7,"R2","38.7.R2","Chamber 5",143.22,182.62,8,9,0,1,0,2,14.6,13.9,14,NA,NA,18,203,18,448,"",39,"Verdelho",14.1666666666667,0.5,1,1,1,14,3,4,92.18,41.5,NA,NA,162.92,8.5,14.1666666666667,0.5,NA,110.5,233,66.84
0016-09-23,38,7,"R3","38.7.R3","Chamber 4",161.08,240.25,10,10,2,20,0,3,19.7,15.8,15.7,NA,1,0,NA,NA,NA,"",39,"Verdelho",17.0666666666667,11,22,NA,NA,14,5,2,77.84,68.88,NA,NA,200.665,10,17.0666666666667,11,1,0,NA,73.36
0016-09-23,38,7,"R4","38.7.R4","Chamber 3",73.12,140.16,6,9,60,75,16,12,12.2,16.5,14.7,NA,NA,0,NA,NA,NA,"",39,"Verdelho",14.4666666666667,67.5,135,NA,NA,14,2,3,14.02,29.47,NA,NA,106.64,7.5,14.4666666666667,67.5,NA,0,NA,21.745
0016-09-23,38,7,"R5","38.7.R5","Chamber 2",250.05,NA,12,NA,20,NA,4,NA,15.9,15.3,13.9,NA,NA,0,NA,NA,NA,"",39,"Verdelho",15.0333333333333,20,20,NA,NA,14,7,NA,120,NA,NA,NA,250.05,12,15.0333333333333,20,NA,0,NA,120
0016-09-23,38,7,"R6","38.7.R6","Chamber 1",129.94,NA,7,NA,2,NA,3,NA,13.1,12.7,12.3,10,NA,0,NA,NA,NA,"",39,"Verdelho",12.7,2,2,0,NA,14,2,NA,8.86,NA,NA,NA,129.94,7,12.7,2,10,0,NA,8.86
0016-09-26,13,3,"R4","13.3.R4","Chamber 2",135.04,151.66,7,7,0,30,0,3,14,14,15.2,NA,NA,0,NA,NA,NA,"",42,"Pinot gris",14.4,15,30,NA,NA,12,1,1,6.59999999999999,16.14,NA,NA,143.35,7,14.4,15,NA,0,NA,11.37
0016-09-26,13,3,"R5","13.3.R5","Chamber 4",302.67,NA,10,NA,0,NA,0,NA,16.5,18.6,15.8,2,NA,0,NA,NA,NA,"",42,"Pinot gris",16.9666666666667,0,0,0,NA,17,4,NA,116.84,NA,NA,NA,302.67,10,16.9666666666667,0,2,0,NA,116.84
0016-09-26,14,1,"R3","14.1.R3","Chamber 1",255.1,NA,10,NA,0,NA,0,NA,14.8,15.6,16.4,NA,NA,23,NA,31,NA,"",42,"Cabernet Sauvignon",15.6,0,0,0.621621621621622,NA,14,2,NA,70.21,NA,NA,NA,255.1,10,15.6,0,NA,23,31,70.21
0016-09-26,16,1,"R1","16.1.R1","Chamber 5",81.5,177.51,7,9,0,0,0,0,15.6,16.2,16.1,NA,31,0,NA,NA,NA,"",42,"Sauvignon blanc",15.9666666666667,0,0,NA,NA,12,1,2,28.71,22.43,NA,NA,129.505,8,15.9666666666667,0,31,0,NA,25.57
0016-09-26,16,1,"R3","16.1.R3","Chamber 1",121.67,353.55,7,10,0,0,0,0,16.2,15.7,15.5,NA,NA,11,11,15,11,"",42,"Sauvignon blanc",15.8,0,0,0.6875,1,7,0,0,6.14,22.42,NA,NA,237.61,8.5,15.8,0,NA,11,13,14.28
0016-09-26,16,1,"R4","16.1.R4","Chamber 4",197.73,NA,12,NA,0,NA,0,NA,15.7,16.1,17,9,NA,0,NA,NA,NA,"",42,"Sauvignon blanc",16.2666666666667,0,0,0,NA,14,5,NA,97.71,NA,NA,NA,197.73,12,16.2666666666667,0,9,0,NA,97.71
0016-09-26,16,1,"R7","16.1.R7","Chamber 2",54.96,212.51,8,12,0,6,0,4,16.3,13.7,15,NA,1,0,NA,NA,NA,"",42,"Sauvignon blanc",15,3,6,NA,NA,12,4,4,34.64,90.2,NA,NA,133.735,10,15,3,1,0,NA,62.42
0016-09-26,18,5,"R1","18.5.R1","Chamber 3",243.51,381.77,11,10,0,30,0,16,15.7,13,12.2,NA,NA,0,NA,NA,NA,"fruit setting on stem 2, 18 flower buds counted",42,"Durif1",13.6333333333333,15,30,0,NA,17,5,3,96.19,158.58,NA,NA,312.64,10.5,13.6333333333333,15,NA,0,NA,127.385
0016-09-26,18,5,"R4","18.5.R4","Chamber 3",487.78,NA,10,NA,0,NA,14,NA,13.7,13.6,12.1,NA,NA,0,NA,NA,NA,"no open flowers despite caps in bag?",42,"Durif1",13.1333333333333,0,0,0,NA,14,1,NA,115.41,NA,NA,NA,487.78,10,13.1333333333333,0,NA,0,NA,115.41
0016-09-26,18,5,"R5","18.5.R5","Chamber 3",0,310.13,0,10,0,1,0,1,14,15,14.3,1,NA,0,NA,NA,NA,"",42,"Durif1",14.4333333333333,0.5,1,0,NA,14,0,2,0,99.99,NA,NA,155.065,5,14.4333333333333,0.5,1,0,NA,49.995
0016-09-26,18,5,"R7","18.5.R7","Chamber 2",158.85,191.05,6,10,0,0,1,1,16.1,17.5,16.3,1,NA,51,NA,97,NA,"",42,"Durif1",16.6333333333333,0,0,1,NA,10,0,1,6.25,6.95000000000002,NA,NA,174.95,8,16.6333333333333,0,1,51,97,6.60000000000001
0016-09-26,18,5,"R8","18.5.R8","Chamber 1",387.5,NA,10,NA,0,NA,0,NA,13.3,16.9,15.4,NA,NA,15,NA,16,NA,"",42,"Durif1",15.2,0,0,0.681818181818182,NA,14,0,NA,75.02,NA,NA,NA,387.5,10,15.2,0,NA,15,16,75.02
0016-09-26,19,9,"R3","19.9.R3","Chamber 4",171.12,347.77,8,10,0,2,0,1,16.8,17.2,16,NA,30,0,NA,NA,NA,"",42,"Syrah",16.6666666666667,1,2,NA,NA,17,4,4,84.14,157.2,NA,NA,259.445,9,16.6666666666667,1,30,0,NA,120.67
0016-09-26,20,2,"R1","20.2.R1","Chamber 5",63.33,204.99,6,10,0,75,0,9,10.7,17.3,14.9,NA,NA,0,NA,NA,NA,"",42,"Valdepenas",14.3,37.5,75,NA,NA,12,1,1,5.95,42.24,NA,NA,134.16,8,14.3,37.5,NA,0,NA,24.095
0016-09-26,20,2,"R4","20.2.R4","Chamber 5",42.19,216.98,5,10,0,45,0,22,17.1,18.5,17.3,NA,26,0,NA,NA,NA,"fruit setting on stem 2",42,"Valdepenas",17.6333333333333,22.5,45,NA,NA,17,1,2,10.46,36.34,NA,NA,129.585,7.5,17.6333333333333,22.5,26,0,NA,23.4
0016-09-26,20,2,"R5","20.2.R5","Chamber 4",259.78,NA,10,NA,85,NA,54,NA,17.6,14.6,17.8,9,NA,0,NA,NA,NA,"",42,"Valdepenas",16.6666666666667,85,85,0,NA,12,2,NA,54.28,NA,NA,NA,259.78,10,16.6666666666667,85,9,0,NA,54.28
0016-09-26,20,2,"R6","20.2.R6","Chamber 4",158.27,NA,9,NA,0,NA,0,NA,19.9,14.6,16,NA,NA,0,NA,NA,NA,"",42,"Valdepenas",16.8333333333333,0,0,NA,NA,3,1,NA,0.820000000000022,NA,NA,NA,158.27,9,16.8333333333333,0,NA,0,NA,0.820000000000022
0016-09-26,20,5,"R3","20.5.R3","Chamber 3",39.98,191.59,6,12,0,5,0,6,15.1,12.7,14.4,NA,NA,0,NA,NA,NA,"",42,"Gewurtztraminer",14.0666666666667,2.5,5,NA,NA,14,1,7,8.04,125.98,NA,NA,115.785,9,14.0666666666667,2.5,NA,0,NA,67.01
0016-09-26,22,9,"R7","22.9.R7","Chamber 5",221.14,NA,9,NA,0,NA,0,NA,17.6,18.3,19.7,10,NA,0,NA,NA,NA,"",42,"Durif2",18.5333333333333,0,0,0,NA,5,2,NA,46.76,NA,NA,NA,221.14,9,18.5333333333333,0,10,0,NA,46.76
0016-09-26,35,3,"R6","35.3.R6","Chamber 3",303.32,NA,10,NA,50,NA,3,NA,14,14.8,13.4,2,NA,0,NA,NA,NA,"",42,"Tempranillo",14.0666666666667,50,50,0,NA,10,1,NA,76.39,NA,NA,NA,303.32,10,14.0666666666667,50,2,0,NA,76.39
0016-09-26,38,7,"R2","38.7.R2","Chamber 5",145.55,190.87,9,9,0,0,0,0,17.4,15.1,16.4,2,9,0,144,NA,292,"",42,"Verdelho",16.3,0,0,0,0.70935960591133,17,4,4,94.51,49.75,NA,NA,168.21,9,16.3,0,5.5,72,292,72.13
0016-09-26,38,7,"R3","38.7.R3","Chamber 4",162.9,245.47,10,10,40,50,6,15,16,13.3,13.7,3,10,0,NA,NA,NA,"fruit setting on both stems",42,"Verdelho",14.3333333333333,45,90,NA,NA,17,5,2,79.66,74.1,NA,NA,204.185,10,14.3333333333333,45,6.5,0,NA,76.88
0016-09-26,38,7,"R4","38.7.R4","Chamber 3",75.12,140.48,6,9,90,85,2,17,14.1,16.1,17.8,1,9,0,NA,NA,NA,"fruit setting on stem 2",42,"Verdelho",16,87.5,175,NA,NA,17,2,3,16.02,29.79,NA,NA,107.8,7.5,16,87.5,5,0,NA,22.905
0016-09-26,38,7,"R5","38.7.R5","Chamber 2",257.35,NA,13,NA,95,NA,20,NA,17.8,16,15.8,NA,NA,0,NA,NA,NA,"",42,"Verdelho",16.5333333333333,95,95,NA,NA,17,8,NA,127.3,NA,NA,NA,257.35,13,16.5333333333333,95,NA,0,NA,127.3
0016-09-26,38,7,"R6","38.7.R6","Chamber 1",131.21,NA,7,NA,40,NA,23,NA,15.2,17,15.3,NA,NA,0,NA,NA,NA,"",42,"Verdelho",15.8333333333333,40,40,0,NA,17,2,NA,10.13,NA,NA,NA,131.21,7,15.8333333333333,40,NA,0,NA,10.13
0016-09-28,13,3,"R4","13.3.R4","Chamber 2",139.45,157.02,8,9,0,45,0,2,12.5,12.7,12.4,NA,NA,0,NA,NA,NA,"",44,"Pinot gris",12.5333333333333,22.5,45,NA,NA,14,2,3,11.01,21.5,NA,NA,148.235,8.5,12.5333333333333,22.5,NA,0,NA,16.255
0016-09-28,13,3,"R5","13.3.R5","Chamber 4",305.26,NA,10,NA,0,NA,0,NA,18.5,18.9,20.3,6,NA,0,NA,NA,NA,"",44,"Pinot gris",19.2333333333333,0,0,0,NA,19,4,NA,119.43,NA,NA,NA,305.26,10,19.2333333333333,0,6,0,NA,119.43
0016-09-28,14,1,"R3","14.1.R3","Chamber 1",257.41,NA,11,NA,6,NA,0,NA,15.1,16,12.9,NA,NA,0,NA,NA,NA,"",44,"Cabernet Sauvignon",14.6666666666667,6,6,0,NA,16,3,NA,72.52,NA,NA,NA,257.41,11,14.6666666666667,6,NA,0,NA,72.52
0016-09-28,16,1,"R1","16.1.R1","Chamber 5",85.27,183.39,7,9,0,0,0,0,16.3,16,17,NA,5,0,NA,NA,NA,"large, droopy, but rough leaves with brown spots, all buds gone, inflor bare",44,"Sauvignon blanc",16.4333333333333,0,0,NA,NA,14,1,2,32.48,28.31,NA,NA,134.33,8,16.4333333333333,0,5,0,NA,30.395
0016-09-28,16,1,"R3","16.1.R3","Chamber 1",122.99,355.96,7,10,0,0,0,0,14.8,15.9,15.3,NA,NA,0,NA,NA,NA,"",44,"Sauvignon blanc",15.3333333333333,0,0,0,NA,9,0,0,7.45999999999999,24.83,NA,NA,239.475,8.5,15.3333333333333,0,NA,0,NA,16.145
0016-09-28,16,1,"R4","16.1.R4","Chamber 4",207.3,NA,13,NA,0,NA,0,NA,12.7,16,16.4,NA,NA,0,NA,NA,NA,"inflorescence fell off, no flowers on it",44,"Sauvignon blanc",15.0333333333333,0,0,0,NA,16,6,NA,107.28,NA,NA,NA,207.3,13,15.0333333333333,0,NA,0,NA,107.28
0016-09-28,16,1,"R7","16.1.R7","Chamber 2",55.84,221.69,8,12,0,6,0,1,17.1,15.2,16.2,NA,1,0,NA,NA,NA,"",44,"Sauvignon blanc",16.1666666666667,3,6,NA,NA,14,4,4,35.52,99.38,NA,NA,138.765,10,16.1666666666667,3,1,0,NA,67.45
0016-09-28,18,5,"R1","18.5.R1","Chamber 3",257.2,382.23,10,10,0,40,0,6,17.9,18.7,16.9,NA,1,0,NA,NA,NA,"color leaching from leaves",44,"Durif1",17.8333333333333,20,40,0,NA,19,4,3,109.88,159.04,NA,NA,319.715,10,17.8333333333333,20,1,0,NA,134.46
0016-09-28,18,5,"R4","18.5.R4","Chamber 3",497.02,NA,10,NA,0,NA,1,NA,11.5,14.9,15.7,NA,NA,0,NA,NA,NA,"color leaching from leaves",44,"Durif1",14.0333333333333,0,0,0,NA,16,1,NA,124.65,NA,NA,NA,497.02,10,14.0333333333333,0,NA,0,NA,124.65
0016-09-28,18,5,"R5","18.5.R5","Chamber 3",0,310.16,0,10,0,5,0,0,16.8,13.6,15.5,NA,1,0,NA,NA,NA,"color leaching from leaves",44,"Durif1",15.3,2.5,5,0,NA,16,0,2,0,100.02,NA,NA,155.08,5,15.3,2.5,1,0,NA,50.01
0016-09-28,18,5,"R7","18.5.R7","Chamber 2",159.13,198.16,7,11,2,0,0,0,12.6,15.2,15.2,NA,NA,0,NA,NA,NA,"leaves on stem 2 continue to turn brown, stem 1 leaves getting a few brown patches",44,"Durif1",14.3333333333333,1,2,0,NA,12,1,2,6.53,14.06,NA,NA,178.645,9,14.3333333333333,1,NA,0,NA,10.295
0016-09-28,18,5,"R8","18.5.R8","Chamber 1",389.7,NA,10,NA,4,NA,1,NA,11.3,12.6,13.6,NA,NA,0,NA,NA,NA,"leaves at apex starting to turn brown",44,"Durif1",12.5,4,4,0,NA,16,0,NA,77.22,NA,NA,NA,389.7,10,12.5,4,NA,0,NA,77.22
0016-09-28,19,9,"R3","19.9.R3","Chamber 4",184.05,348.53,9,10,0,0,0,0,16.7,15.4,16.6,NA,13,0,NA,NA,NA,"",44,"Syrah",16.2333333333333,0,0,NA,NA,19,5,4,97.07,157.96,NA,NA,266.29,9.5,16.2333333333333,0,13,0,NA,127.515
0016-09-28,20,2,"R1","20.2.R1","Chamber 5",63.34,212.87,6,10,0,20,0,4,15.2,15.3,15,NA,3,0,NA,NA,NA,"large, droopy, but rough leaves with brown spots",44,"Valdepenas",15.1666666666667,10,20,NA,NA,14,1,1,5.96,50.12,NA,NA,138.105,8,15.1666666666667,10,3,0,NA,28.04
0016-09-28,20,2,"R4","20.2.R4","Chamber 5",42.5,217.52,5,10,0,50,0,30,18.8,18.2,19.2,NA,40,0,NA,NA,NA,"large, droopy, but rough leaves with brown spots",44,"Valdepenas",18.7333333333333,25,50,NA,NA,19,1,2,10.77,36.88,NA,NA,130.01,7.5,18.7333333333333,25,40,0,NA,23.825
0016-09-28,20,2,"R5","20.2.R5","Chamber 4",264.56,NA,10,NA,95,NA,21,NA,15.7,14.8,15.1,23,NA,0,NA,NA,NA,"",44,"Valdepenas",15.2,95,95,0,NA,14,2,NA,59.06,NA,NA,NA,264.56,10,15.2,95,23,0,NA,59.06
0016-09-28,20,2,"R6","20.2.R6","Chamber 4",166.52,NA,9,NA,50,NA,2,NA,14.2,12,11.6,NA,NA,0,NA,NA,NA,"",44,"Valdepenas",12.6,50,50,NA,NA,5,1,NA,9.07000000000002,NA,NA,NA,166.52,9,12.6,50,NA,0,NA,9.07000000000002
0016-09-28,20,5,"R3","20.5.R3","Chamber 3",47.89,225.41,7,13,0,20,0,2,15.9,15.4,15.9,NA,8,0,NA,NA,NA,"",44,"Gewurtztraminer",15.7333333333333,10,20,NA,NA,16,2,8,15.95,159.8,NA,NA,136.65,10,15.7333333333333,10,8,0,NA,87.875
0016-09-28,22,9,"R7","22.9.R7","Chamber 5",253.97,NA,10,NA,2,NA,1,NA,18.7,17.8,20.3,3,NA,0,NA,NA,NA,"large, droopy, but rough leaves",44,"Durif2",18.9333333333333,2,2,0,NA,7,3,NA,79.59,NA,NA,NA,253.97,10,18.9333333333333,2,3,0,NA,79.59
0016-09-28,24,9,"R7","24.9.R7","Chamber 4",276.05,NA,11,NA,0,NA,0,NA,11.4,13.1,12.7,NA,NA,0,NA,NA,NA,"",44,"Dolcetto",12.4,0,0,NA,NA,0,0,NA,0,NA,NA,NA,276.05,11,12.4,0,NA,0,NA,0
0016-09-28,35,3,"R6","35.3.R6","Chamber 3",310.18,NA,10,NA,80,NA,5,NA,14.1,16.5,14.4,NA,NA,0,NA,NA,NA,"color leaching from leaves",44,"Tempranillo",15,80,80,0,NA,12,1,NA,83.25,NA,NA,NA,310.18,10,15,80,NA,0,NA,83.25
0016-09-28,38,7,"R2","38.7.R2","Chamber 5",150.06,197.28,10,9,0,0,0,0,14.6,13.1,14.7,NA,3,0,NA,NA,NA,"large, droopy, but rough leaves with brown spots",44,"Verdelho",14.1333333333333,0,0,0,NA,19,5,4,99.02,56.16,NA,NA,173.67,9.5,14.1333333333333,0,3,0,NA,77.59
0016-09-28,38,7,"R3","38.7.R3","Chamber 4",163.47,245.82,10,10,50,70,0,3,18.3,16.9,17.4,3,15,0,NA,NA,NA,"",44,"Verdelho",17.5333333333333,60,120,NA,NA,19,5,2,80.23,74.45,NA,NA,204.645,10,17.5333333333333,60,9,0,NA,77.34
0016-09-28,38,7,"R4","38.7.R4","Chamber 3",76.29,153.1,7,9,95,85,5,10,18.1,17.8,17.8,1,2,0,NA,NA,NA,"color leaching from leaves",44,"Verdelho",17.9,90,180,NA,NA,19,3,3,17.19,42.41,NA,NA,114.695,8,17.9,90,1.5,0,NA,29.8
0016-09-28,38,7,"R5","38.7.R5","Chamber 2",271.43,NA,13,NA,40,NA,1,NA,11.7,11.8,14.1,NA,NA,0,NA,NA,NA,"",44,"Verdelho",12.5333333333333,40,40,NA,NA,19,8,NA,141.38,NA,NA,NA,271.43,13,12.5333333333333,40,NA,0,NA,141.38
0016-09-28,38,7,"R6","38.7.R6","Chamber 1",135.65,NA,8,NA,80,NA,23,NA,13.8,12.8,11.8,NA,NA,0,NA,NA,NA,"",44,"Verdelho",12.8,80,80,0,NA,19,3,NA,14.57,NA,NA,NA,135.65,8,12.8,80,NA,0,NA,14.57
0016-09-30,13,3,"R4","13.3.R4","Chamber 2",139.96,161.6,9,10,0,50,0,0,17,16.6,15.4,NA,1,0,NA,NA,NA,"",46,"Pinot gris",16.3333333333333,25,50,NA,NA,16,3,4,11.52,26.08,NA,NA,150.78,9.5,16.3333333333333,25,1,0,NA,18.8
0016-09-30,13,3,"R5","13.3.R5","Chamber 4",309.38,NA,10,NA,0,NA,0,NA,20.2,21.9,20.6,2,NA,0,NA,NA,NA,"",46,"Pinot gris",20.9,0,0,0,NA,21,4,NA,123.55,NA,NA,NA,309.38,10,20.9,0,2,0,NA,123.55
0016-09-30,14,1,"R3","14.1.R3","Chamber 1",261.83,NA,11,NA,20,NA,6,NA,15.6,15.6,15,6,NA,0,NA,NA,NA,"",46,"Cabernet Sauvignon",15.4,20,20,0,NA,18,3,NA,76.94,NA,NA,NA,261.83,11,15.4,20,6,0,NA,76.94
0016-09-30,16,1,"R1","16.1.R1","Chamber 5",88.2,189.78,8,10,0,0,0,0,19.7,18.6,18.8,NA,NA,0,NA,NA,NA,"",46,"Sauvignon blanc",19.0333333333333,0,0,NA,NA,16,2,3,35.41,34.7,NA,NA,138.99,9,19.0333333333333,0,NA,0,NA,35.055
0016-09-30,16,1,"R3","16.1.R3","Chamber 1",124.26,359.17,7,10,0,0,0,0,17.7,14.8,16.3,NA,NA,0,NA,NA,NA,"",46,"Sauvignon blanc",16.2666666666667,0,0,0,NA,11,0,0,8.73,28.04,NA,NA,241.715,8.5,16.2666666666667,0,NA,0,NA,18.385
0016-09-30,16,1,"R4","16.1.R4","Chamber 4",242.99,NA,14,NA,0,NA,0,NA,18.4,21.1,22.5,NA,NA,0,NA,NA,NA,"",46,"Sauvignon blanc",20.6666666666667,0,0,0,NA,18,7,NA,142.97,NA,NA,NA,242.99,14,20.6666666666667,0,NA,0,NA,142.97
0016-09-30,16,1,"R7","16.1.R7","Chamber 2",58.19,228.22,8,15,0,20,0,5,19.7,16.9,18.6,NA,NA,0,NA,NA,NA,"",46,"Sauvignon blanc",18.4,10,20,NA,NA,16,4,7,37.87,105.91,NA,NA,143.205,11.5,18.4,10,NA,0,NA,71.89
0016-09-30,18,5,"R1","18.5.R1","Chamber 3",272.09,387.12,10,10,60,55,0,5,15.9,17.4,20.2,NA,2,0,NA,NA,NA,"",46,"Durif1",17.8333333333333,57.5,115,0,NA,21,4,3,124.77,163.93,NA,NA,329.605,10,17.8333333333333,57.5,2,0,NA,144.35
0016-09-30,18,5,"R4","18.5.R4","Chamber 3",502.68,NA,10,NA,15,NA,0,NA,18,16.3,17.6,NA,NA,0,NA,NA,NA,"",46,"Durif1",17.3,15,15,0,NA,18,1,NA,130.31,NA,NA,NA,502.68,10,17.3,15,NA,0,NA,130.31
0016-09-30,18,5,"R5","18.5.R5","Chamber 3",0,316.68,0,10,0,10,0,1,18.1,18.2,17.5,NA,3,0,NA,NA,NA,"",46,"Durif1",17.9333333333333,5,10,0,NA,18,0,2,0,106.54,NA,NA,158.34,5,17.9333333333333,5,3,0,NA,53.27
0016-09-30,18,5,"R7","18.5.R7","Chamber 2",160.43,206.03,8,11,5,6,1,0,17.2,18.1,17.3,NA,NA,0,NA,NA,NA,"",46,"Durif1",17.5333333333333,5.5,11,0,NA,14,2,2,7.83000000000001,21.93,NA,NA,183.23,9.5,17.5333333333333,5.5,NA,0,NA,14.88
0016-09-30,18,5,"R8","18.5.R8","Chamber 1",391.48,NA,10,NA,25,NA,2,NA,17.4,17.2,17.8,NA,NA,0,NA,NA,NA,"",46,"Durif1",17.4666666666667,25,25,0,NA,18,0,NA,79,NA,NA,NA,391.48,10,17.4666666666667,25,NA,0,NA,79
0016-09-30,19,9,"R3","19.9.R3","Chamber 4",184.55,348.62,9,10,0,0,0,0,20.8,18.6,19.8,NA,2,0,NA,NA,NA,"",46,"Syrah",19.7333333333333,0,0,NA,NA,21,5,4,97.57,158.05,NA,NA,266.585,9.5,19.7333333333333,0,2,0,NA,127.81
0016-09-30,20,2,"R1","20.2.R1","Chamber 5",66.64,272.53,6,10,0,20,0,11,19.4,18.1,17.5,NA,19,0,NA,NA,NA,"",46,"Valdepenas",18.3333333333333,10,20,NA,NA,16,1,1,9.26,109.78,NA,NA,169.585,8,18.3333333333333,10,19,0,NA,59.52
0016-09-30,20,2,"R4","20.2.R4","Chamber 5",45.9,218.01,5,10,0,50,0,19,19.6,18.5,19.5,NA,34,0,NA,NA,NA,"",46,"Valdepenas",19.2,25,50,NA,NA,21,1,2,14.17,37.37,NA,NA,131.955,7.5,19.2,25,34,0,NA,25.77
0016-09-30,20,2,"R5","20.2.R5","Chamber 4",264.62,NA,10,NA,50,NA,9,NA,21.6,18.6,19.2,31,NA,0,NA,NA,NA,"",46,"Valdepenas",19.8,50,50,0,NA,16,2,NA,59.12,NA,NA,NA,264.62,10,19.8,50,31,0,NA,59.12
0016-09-30,20,2,"R6","20.2.R6","Chamber 4",167,NA,9,NA,70,NA,1,NA,19,20.6,19.5,NA,NA,0,NA,NA,NA,"",46,"Valdepenas",19.7,70,70,NA,NA,7,1,NA,9.55000000000001,NA,NA,NA,167,9,19.7,70,NA,0,NA,9.55000000000001
0016-09-30,20,5,"R3","20.5.R3","Chamber 3",47.93,236.03,7,14,0,30,0,0,17.8,19,17.9,NA,NA,0,NA,NA,NA,"",46,"Gewurtztraminer",18.2333333333333,15,30,NA,NA,18,2,9,15.99,170.42,NA,NA,141.98,10.5,18.2333333333333,15,NA,0,NA,93.205
0016-09-30,22,9,"R7","22.9.R7","Chamber 5",258.33,NA,11,NA,15,NA,1,NA,14.4,16.6,18,1,NA,0,NA,NA,NA,"",46,"Durif2",16.3333333333333,15,15,0,NA,9,4,NA,83.95,NA,NA,NA,258.33,11,16.3333333333333,15,1,0,NA,83.95
0016-09-30,24,9,"R7","24.9.R7","Chamber 4",282.59,NA,11,NA,0,NA,0,NA,18.8,18.1,18.1,NA,NA,0,NA,NA,NA,"inflor looks shriveled and dry, found in soil",46,"Dolcetto",18.3333333333333,0,0,NA,NA,2,0,NA,6.53999999999996,NA,NA,NA,282.59,11,18.3333333333333,0,NA,0,NA,6.53999999999996
0016-09-30,35,3,"R6","35.3.R6","Chamber 3",311.97,NA,10,NA,95,NA,2,NA,18.2,18.5,17.2,2,NA,0,NA,NA,NA,"",46,"Tempranillo",17.9666666666667,95,95,0,NA,14,1,NA,85.04,NA,NA,NA,311.97,10,17.9666666666667,95,2,0,NA,85.04
0016-09-30,38,7,"R2","38.7.R2","Chamber 5",153.78,199.11,10,10,0,0,0,0,16.2,14.3,16.6,NA,24,0,NA,NA,NA,"",46,"Verdelho",15.7,0,0,0,NA,21,5,5,102.74,57.99,NA,NA,176.445,10,15.7,0,24,0,NA,80.365
0016-09-30,38,7,"R3","38.7.R3","Chamber 4",164.17,246.89,10,10,85,80,0,5,20.2,20.1,17.3,5,18,0,NA,NA,NA,"",46,"Verdelho",19.2,82.5,165,NA,NA,21,5,2,80.93,75.52,NA,NA,205.53,10,19.2,82.5,11.5,0,NA,78.225
0016-09-30,38,7,"R4","38.7.R4","Chamber 3",76.4,153.8,7,9,98,98,0,5,18.7,18.9,18.5,1,6,0,NA,NA,NA,"",46,"Verdelho",18.7,98,196,NA,NA,21,3,3,17.3,43.11,NA,NA,115.1,8,18.7,98,3.5,0,NA,30.205
0016-09-30,38,7,"R5","38.7.R5","Chamber 2",278.61,NA,13,NA,90,NA,5,NA,16.2,17.2,16,2,NA,0,NA,NA,NA,"",46,"Verdelho",16.4666666666667,90,90,NA,NA,21,8,NA,148.56,NA,NA,NA,278.61,13,16.4666666666667,90,2,0,NA,148.56
0016-09-30,38,7,"R6","38.7.R6","Chamber 1",136.89,NA,8,NA,95,NA,35,NA,18.1,16.3,17.2,NA,NA,0,NA,NA,NA,"",46,"Verdelho",17.2,95,95,0,NA,21,3,NA,15.81,NA,NA,NA,136.89,8,17.2,95,NA,0,NA,15.81
0016-10-03,13,3,"R4","13.3.R4","Chamber 2",145.99,168.72,9,10,0,100,NA,1,14.5,14.4,15.1,NA,1,0,NA,NA,NA,"",49,"Pinot gris",14.6666666666667,50,100,NA,NA,19,3,4,17.55,33.2,NA,NA,157.355,9.5,14.6666666666667,50,1,0,NA,25.375
0016-10-03,13,3,"R5","13.3.R5","Chamber 4",325.72,NA,9,NA,50,NA,0,NA,20.3,20.7,20.4,2,NA,0,NA,NA,NA,"",49,"Pinot gris",20.4666666666667,50,50,0,NA,24,3,NA,139.89,NA,NA,NA,325.72,9,20.4666666666667,50,2,0,NA,139.89
0016-10-03,14,1,"R3","14.1.R3","Chamber 1",265.93,NA,11,NA,60,NA,6,NA,13.8,14.4,12.2,NA,NA,0,NA,NA,NA,"",49,"Cabernet Sauvignon",13.4666666666667,60,60,0,NA,21,3,NA,81.04,NA,NA,NA,265.93,11,13.4666666666667,60,NA,0,NA,81.04
0016-10-03,16,1,"R1","16.1.R1","Chamber 5",89.49,190.86,8,10,0,0,0,0,16.6,14.7,16.4,NA,NA,0,NA,NA,NA,"",49,"Sauvignon blanc",15.9,0,0,NA,NA,19,2,3,36.7,35.78,NA,NA,140.175,9,15.9,0,NA,0,NA,36.24
0016-10-03,16,1,"R3","16.1.R3","Chamber 1",124.49,361.06,7,10,30,0,2,0,14.5,11.9,13.9,NA,2,2,NA,2,NA,"",49,"Sauvignon blanc",13.4333333333333,15,30,0.125,NA,14,0,0,8.95999999999999,29.93,NA,NA,242.775,8.5,13.4333333333333,15,2,2,2,19.445
0016-10-03,16,1,"R4","16.1.R4","Chamber 4",246.5,NA,14,NA,0,NA,NA,NA,16.3,13.9,17.9,NA,NA,0,NA,NA,NA,"",49,"Sauvignon blanc",16.0333333333333,0,0,0,NA,21,7,NA,146.48,NA,NA,NA,246.5,14,16.0333333333333,0,NA,0,NA,146.48
0016-10-03,16,1,"R7","16.1.R7","Chamber 2",62.89,228.66,8,15,0,50,0,2,17.5,18.2,15.7,NA,2,0,NA,NA,NA,"",49,"Sauvignon blanc",17.1333333333333,25,50,NA,NA,19,4,7,42.57,106.35,NA,NA,145.775,11.5,17.1333333333333,25,2,0,NA,74.46
0016-10-03,18,5,"R1","18.5.R1","Chamber 3",274.72,390.81,10,10,0,90,NA,1,16.1,17.1,14.6,NA,NA,0,NA,NA,NA,"",49,"Durif1",15.9333333333333,45,90,0,NA,24,4,3,127.4,167.62,NA,NA,332.765,10,15.9333333333333,45,NA,0,NA,147.51
0016-10-03,18,5,"R4","18.5.R4","Chamber 3",504.7,NA,11,NA,85,NA,1,NA,13,13.8,17.4,NA,NA,0,NA,NA,NA,"",49,"Durif1",14.7333333333333,85,85,0,NA,21,2,NA,132.33,NA,NA,NA,504.7,11,14.7333333333333,85,NA,0,NA,132.33
0016-10-03,18,5,"R5","18.5.R5","Chamber 3",0,319.99,0,10,0,90,0,6,14.3,15.7,12.9,NA,NA,0,NA,NA,NA,"",49,"Durif1",14.3,45,90,0,NA,21,0,2,0,109.85,NA,NA,159.995,5,14.3,45,NA,0,NA,54.925
0016-10-03,18,5,"R7","18.5.R7","Chamber 2",165.36,207.33,8,11,2,30,1,1,18.5,16.3,13.9,NA,NA,0,NA,NA,NA,"",49,"Durif1",16.2333333333333,16,32,0,NA,17,2,2,12.76,23.23,NA,NA,186.345,9.5,16.2333333333333,16,NA,0,NA,17.995
0016-10-03,18,5,"R8","18.5.R8","Chamber 1",396.36,NA,10,NA,30,NA,3,NA,12.2,15.8,14.6,NA,NA,0,NA,NA,NA,"",49,"Durif1",14.2,30,30,0,NA,21,0,NA,83.88,NA,NA,NA,396.36,10,14.2,30,NA,0,NA,83.88
0016-10-03,19,9,"R3","19.9.R3","Chamber 4",190.05,355.01,9,9,0,75,NA,NA,13.7,14.5,14.4,NA,4,0,NA,NA,NA,"",49,"Syrah",14.2,37.5,75,NA,NA,24,5,3,103.07,164.44,NA,NA,272.53,9,14.2,37.5,4,0,NA,133.755
0016-10-03,20,2,"R1","20.2.R1","Chamber 5",72.38,276.9,6,7,100,NA,NA,8,14.2,15,16.7,NA,7,0,NA,NA,NA,"",49,"Valdepenas",15.3,100,100,NA,NA,19,1,-2,15,114.15,NA,NA,174.64,6.5,15.3,100,7,0,NA,64.575
0016-10-03,20,2,"R4","20.2.R4","Chamber 5",57.33,225.72,5,10,0,100,NA,5,15.5,16.3,15.5,NA,55,0,NA,NA,NA,"",49,"Valdepenas",15.7666666666667,50,100,NA,NA,24,1,2,25.6,45.08,NA,NA,141.525,7.5,15.7666666666667,50,55,0,NA,35.34
0016-10-03,20,2,"R5","20.2.R5","Chamber 4",280.1,NA,10,NA,100,NA,2,NA,13.6,16.8,14.4,1,NA,0,NA,NA,NA,"",49,"Valdepenas",14.9333333333333,100,100,0,NA,19,2,NA,74.6,NA,NA,NA,280.1,10,14.9333333333333,100,1,0,NA,74.6
0016-10-03,20,2,"R6","20.2.R6","Chamber 4",169.05,NA,9,NA,100,NA,0,NA,16,16.8,14.7,NA,NA,0,NA,NA,NA,"",49,"Valdepenas",15.8333333333333,100,100,NA,NA,10,1,NA,11.6,NA,NA,NA,169.05,9,15.8333333333333,100,NA,0,NA,11.6
0016-10-03,20,5,"R3","20.5.R3","Chamber 3",48.48,263.53,7,14,0,30,NA,0,16.6,15.4,15.4,NA,NA,0,NA,NA,NA,"",49,"Gewurtztraminer",15.8,15,30,NA,NA,21,2,9,16.54,197.92,NA,NA,156.005,10.5,15.8,15,NA,0,NA,107.23
0016-10-03,22,9,"R7","22.9.R7","Chamber 5",273.81,NA,12,NA,90,NA,1,NA,16.8,14.9,14.9,NA,NA,0,NA,NA,NA,"",49,"Durif2",15.5333333333333,90,90,0,NA,12,5,NA,99.43,NA,NA,NA,273.81,12,15.5333333333333,90,NA,0,NA,99.43
0016-10-03,24,9,"R7","24.9.R7","Chamber 4",296.97,NA,11,NA,0,NA,0,NA,14.3,14,14.9,NA,NA,0,NA,NA,NA,"",49,"Dolcetto",14.4,0,0,NA,NA,5,0,NA,20.92,NA,NA,NA,296.97,11,14.4,0,NA,0,NA,20.92
0016-10-03,35,3,"R6","35.3.R6","Chamber 3",316.22,NA,10,NA,60,NA,2,NA,12.6,14.9,16.3,1,NA,0,NA,NA,NA,"",49,"Tempranillo",14.6,60,60,0,NA,17,1,NA,89.29,NA,NA,NA,316.22,10,14.6,60,1,0,NA,89.29
0016-10-03,38,7,"R2","38.7.R2","Chamber 5",205.85,234.27,11,10,10,5,0,0,14.2,12.4,11.8,NA,8,0,NA,NA,NA,"",49,"Verdelho",12.8,7.5,15,0,NA,24,6,5,154.81,93.15,NA,NA,220.06,10.5,12.8,7.5,8,0,NA,123.98
0016-10-03,38,7,"R3","38.7.R3","Chamber 4",167.53,247.86,10,10,50,40,5,17,18.5,16.3,14,4,3,0,NA,NA,NA,"",49,"Verdelho",16.2666666666667,45,90,NA,NA,24,5,2,84.29,76.49,NA,NA,207.695,10,16.2666666666667,45,3.5,0,NA,80.39
0016-10-03,38,7,"R4","38.7.R4","Chamber 3",78.3,157.48,7,9,100,100,2,9,17.2,16.9,15.7,NA,2,0,NA,NA,NA,"",49,"Verdelho",16.6,100,200,NA,NA,24,3,3,19.2,46.79,NA,NA,117.89,8,16.6,100,2,0,NA,32.995
0016-10-03,38,7,"R5","38.7.R5","Chamber 2",280.83,NA,13,NA,60,NA,2,NA,14.6,16,15.8,2,NA,0,NA,NA,NA,"",49,"Verdelho",15.4666666666667,60,60,NA,NA,24,8,NA,150.78,NA,NA,NA,280.83,13,15.4666666666667,60,2,0,NA,150.78
0016-10-03,38,7,"R6","38.7.R6","Chamber 1",155.09,NA,8,NA,0,30,5,NA,13.5,14.6,12.7,NA,NA,0,NA,NA,NA,"",49,"Verdelho",13.6,15,30,0,NA,24,3,NA,34.01,NA,NA,NA,155.09,8,13.6,15,NA,0,NA,34.01
